Date,Opening Stock Price
01-01-2016,45.553741
04-01-2016,48.768658
05-01-2016,46.670792
06-01-2016,47.951309
07-01-2016,46.262115
08-01-2016,44.6819
11-01-2016,44.136997
12-01-2016,44.872616
13-01-2016,44.572922
14-01-2016,43.019951
15-01-2016,42.720257
18-01-2016,40.213711
19-01-2016,38.987682
20-01-2016,38.44278
21-01-2016,38.361046
22-01-2016,38.497272
25-01-2016,40.567898
27-01-2016,40.75861
28-01-2016,40.131973
29-01-2016,39.260132
01-02-2016,40.077484
02-02-2016,40.431671
03-02-2016,40.404427
04-02-2016,39.614319
05-02-2016,39.396358
08-02-2016,40.567898
09-02-2016,40.567898
10-02-2016,40.322689
11-02-2016,39.505341
12-02-2016,37.543694
15-02-2016,35.8545
16-02-2016,36.181442
17-02-2016,34.410511
18-02-2016,34.873676
19-02-2016,34.110817
22-02-2016,34.764698
23-02-2016,34.219795
24-02-2016,33.075504
25-02-2016,33.647652
26-02-2016,33.26622
29-02-2016,33.075504
01-03-2016,32.149174
02-03-2016,33.783875
03-03-2016,34.328777
04-03-2016,34.328777
08-03-2016,34.601227
09-03-2016,34.601227
10-03-2016,36.535625
11-03-2016,35.527561
14-03-2016,35.990726
15-03-2016,36.126949
16-03-2016,36.998795
17-03-2016,36.508381
18-03-2016,36.808079
21-03-2016,37.107773
22-03-2016,37.516449
23-03-2016,37.352978
28-03-2016,38.933193
29-03-2016,37.243999
30-03-2016,37.080528
31-03-2016,39.668808
01-04-2016,40.077484
04-04-2016,43.265156
05-04-2016,44.300468
06-04-2016,40.704121
07-04-2016,41.684944
08-04-2016,40.922081
11-04-2016,42.665768
12-04-2016,43.592098
13-04-2016,43.837303
18-04-2016,44.273224
20-04-2016,45.417519
21-04-2016,46.316605
22-04-2016,44.95435
25-04-2016,44.709145
26-04-2016,44.6819
27-04-2016,45.880684
28-04-2016,46.970486
29-04-2016,45.771702
02-05-2016,47.024975
03-05-2016,47.406406
04-05-2016,46.915997
05-05-2016,42.774746
06-05-2016,42.447803
09-05-2016,42.09362
10-05-2016,42.229843
11-05-2016,40.295444
12-05-2016,40.704121
13-05-2016,41.031063
16-05-2016,40.2682
17-05-2016,41.575962
18-05-2016,40.322689
19-05-2016,40.840347
20-05-2016,39.396358
23-05-2016,37.870636
24-05-2016,37.925125
25-05-2016,38.742477
26-05-2016,38.960438
27-05-2016,40.431671
30-05-2016,40.2682
31-05-2016,41.058308
01-06-2016,39.77779
02-06-2016,41.466984
03-06-2016,41.412495
06-06-2016,39.260132
07-06-2016,39.723297
08-06-2016,39.77779
09-06-2016,40.922081
10-06-2016,40.622387
13-06-2016,39.886768
14-06-2016,39.941261
15-06-2016,43.101688
16-06-2016,43.047195
17-06-2016,43.210667
20-06-2016,42.502296
21-06-2016,43.564854
22-06-2016,43.210667
23-06-2016,42.475052
24-06-2016,40.867592
27-06-2016,40.649632
28-06-2016,41.249023
29-06-2016,44.818127
30-06-2016,45.553741
01-07-2016,47.433651
04-07-2016,46.316605
05-07-2016,46.643543
07-07-2016,46.0714
08-07-2016,45.608231
11-07-2016,45.226803
12-07-2016,45.935173
13-07-2016,45.989662
14-07-2016,44.89986
15-07-2016,44.872616
18-07-2016,44.409451
19-07-2016,44.028019
20-07-2016,43.946285
21-07-2016,45.335781
22-07-2016,43.810059
25-07-2016,44.409451
26-07-2016,44.245979
27-07-2016,45.281292
28-07-2016,45.281292
29-07-2016,43.97353
01-08-2016,44.19149
02-08-2016,42.229843
03-08-2016,42.229843
04-08-2016,41.276268
05-08-2016,42.011883
08-08-2016,42.338825
09-08-2016,42.801991
10-08-2016,42.393314
11-08-2016,43.592098
12-08-2016,41.466984
16-08-2016,40.97657
17-08-2016,40.322689
18-08-2016,40.704121
19-08-2016,40.813103
22-08-2016,41.930149
23-08-2016,40.813103
24-08-2016,40.431671
25-08-2016,40.867592
26-08-2016,39.968506
29-08-2016,38.470024
30-08-2016,39.77779
31-08-2016,40.131973
01-09-2016,39.723297
02-09-2016,38.606251
06-09-2016,38.987682
07-09-2016,39.450848
08-09-2016,39.641563
09-09-2016,40.731365
12-09-2016,39.505341
14-09-2016,38.17033
15-09-2016,38.960438
16-09-2016,38.960438
19-09-2016,37.870636
20-09-2016,38.252068
21-09-2016,38.633495
22-09-2016,39.014927
23-09-2016,39.450848
26-09-2016,38.905949
27-09-2016,38.497272
28-09-2016,38.415535
29-09-2016,39.06942
30-09-2016,35.309601
03-10-2016,35.963482
04-10-2016,36.78083
05-10-2016,37.271244
06-10-2016,37.053284
07-10-2016,36.590118
10-10-2016,37.243999
13-10-2016,37.570938
14-10-2016,36.944302
17-10-2016,36.998795
18-10-2016,37.026039
19-10-2016,37.543694
20-10-2016,37.870636
21-10-2016,38.960438
24-10-2016,39.178398
25-10-2016,38.143085
26-10-2016,36.78083
27-10-2016,36.753586
28-10-2016,36.590118
01-11-2016,36.671852
02-11-2016,36.07246
03-11-2016,35.200619
04-11-2016,35.255108
07-11-2016,34.437756
08-11-2016,34.601227
09-11-2016,32.585094
10-11-2016,34.383266
11-11-2016,34.873676
15-11-2016,35.037148
16-11-2016,34.138062
17-11-2016,33.892857
18-11-2016,34.274288
21-11-2016,35.609295
22-11-2016,34.410511
23-11-2016,34.356022
24-11-2016,34.274288
25-11-2016,33.97459
28-11-2016,34.573982
29-11-2016,35.800011
30-11-2016,36.235931
01-12-2016,37.216751
02-12-2016,36.399403
05-12-2016,37.053284
06-12-2016,38.687988
07-12-2016,38.687988
08-12-2016,38.470024
09-12-2016,38.687988
12-12-2016,38.742477
13-12-2016,38.851456
14-12-2016,38.633495
15-12-2016,38.361046
16-12-2016,39.99575
19-12-2016,39.832279
20-12-2016,39.77779
21-12-2016,39.505341
22-12-2016,39.941261
23-12-2016,39.042171
26-12-2016,38.524517
27-12-2016,38.088596
28-12-2016,38.851456
29-12-2016,38.415535
30-12-2016,39.968506
02-01-2017,42.393314
03-01-2017,42.011883
04-01-2017,41.957394
05-01-2017,42.774746
06-01-2017,43.156178
09-01-2017,42.801991
10-01-2017,42.801991
11-01-2017,43.891792
12-01-2017,43.919041
13-01-2017,43.619343
16-01-2017,42.720257
17-01-2017,43.537609
18-01-2017,43.101688
19-01-2017,43.319649
20-01-2017,44.109753
23-01-2017,42.175354
24-01-2017,42.665768
25-01-2017,43.510365
27-01-2017,43.646587
30-01-2017,50.076424
31-01-2017,50.130913
01-02-2017,47.951309
02-02-2017,49.259071
03-02-2017,51.465919
06-02-2017,51.820107
07-02-2017,53.345829
08-02-2017,50.376118
09-02-2017,50.403362
10-02-2017,51.220715
13-02-2017,50.97551
14-02-2017,50.076424
15-02-2017,49.858463
16-02-2017,50.512344
17-02-2017,51.711124
20-02-2017,51.220715
21-02-2017,53.345829
22-02-2017,53.182358
23-02-2017,51.493168
27-02-2017,52.746437
28-02-2017,52.310516
01-03-2017,53.945221
02-03-2017,53.591034
03-03-2017,50.784794
06-03-2017,51.792862
07-03-2017,52.119801
08-03-2017,53.400318
09-03-2017,51.41143
10-03-2017,51.220715
14-03-2017,52.882664
15-03-2017,53.209606
16-03-2017,55.82513
17-03-2017,56.397278
20-03-2017,56.451767
21-03-2017,56.233807
22-03-2017,55.797886
23-03-2017,55.525436
24-03-2017,57.323608
27-03-2017,57.70504
28-03-2017,57.21463
29-03-2017,57.187382
30-03-2017,57.023914
31-03-2017,57.950245
03-04-2017,59.312496
05-04-2017,61.028938
06-04-2017,62.227718
07-04-2017,62.39119
10-04-2017,64.271095
11-04-2017,65.306412
12-04-2017,64.570793
13-04-2017,62.60915
17-04-2017,62.690887
18-04-2017,67.567749
19-04-2017,77.866386
20-04-2017,79.446602
21-04-2017,79.828033
24-04-2017,79.501091
25-04-2017,82.062126
26-04-2017,81.844162
27-04-2017,66.314476
28-04-2017,63.644463
02-05-2017,59.857399
03-05-2017,62.037003
04-05-2017,61.546593
05-05-2017,61.90078
08-05-2017,62.173229
09-05-2017,62.60915
10-05-2017,65.088448
11-05-2017,68.357857
12-05-2017,65.715088
15-05-2017,66.750397
16-05-2017,66.450706
17-05-2017,66.750397
18-05-2017,65.333656
19-05-2017,67.131828
22-05-2017,66.777641
23-05-2017,64.570793
24-05-2017,62.173229
25-05-2017,64.843246
26-05-2017,63.753445
29-05-2017,63.181297
30-05-2017,61.028938
31-05-2017,64.461815
01-06-2017,63.862423
02-06-2017,63.862423
05-06-2017,64.025894
06-06-2017,64.897736
07-06-2017,71.245834
08-06-2017,71.382057
09-06-2017,70.837158
12-06-2017,71.65451
13-06-2017,70.292259
14-06-2017,72.362885
15-06-2017,71.382057
16-06-2017,72.172165
19-06-2017,72.063187
20-06-2017,72.14492
21-06-2017,71.273079
22-06-2017,72.199409
23-06-2017,71.327568
27-06-2017,69.147964
28-06-2017,72.090431
29-06-2017,73.561668
30-06-2017,72.471863
03-07-2017,72.14492
04-07-2017,74.379021
05-07-2017,73.016762
06-07-2017,73.561668
07-07-2017,73.261971
10-07-2017,73.561668
11-07-2017,73.561668
12-07-2017,72.853294
13-07-2017,77.648422
14-07-2017,76.83107
17-07-2017,76.013718
18-07-2017,75.714027
19-07-2017,75.196365
20-07-2017,76.286171
21-07-2017,76.749336
24-07-2017,77.049034
25-07-2017,76.803825
26-07-2017,76.013718
27-07-2017,76.694847
28-07-2017,75.250862
31-07-2017,75.577797
01-08-2017,75.141876
02-08-2017,76.667603
03-08-2017,77.430466
04-08-2017,74.978409
07-08-2017,75.441574
08-08-2017,76.367905
09-08-2017,74.651466
10-08-2017,66.750397
11-08-2017,62.11874
14-08-2017,62.663643
16-08-2017,62.11874
17-08-2017,62.936092
18-08-2017,61.165161
21-08-2017,61.573837
22-08-2017,59.149029
23-08-2017,58.549637
24-08-2017,60.320564
28-08-2017,63.807934
29-08-2017,63.971405
30-08-2017,65.60611
31-08-2017,72.471863
01-09-2017,72.33564
04-09-2017,74.215546
05-09-2017,71.600021
06-09-2017,70.891647
07-09-2017,71.627266
08-09-2017,71.327568
11-09-2017,70.019806
12-09-2017,71.817978
13-09-2017,72.962273
14-09-2017,71.382057
15-09-2017,70.864403
18-09-2017,71.736244
19-09-2017,71.354813
20-09-2017,71.790733
21-09-2017,70.510216
22-09-2017,69.12072
25-09-2017,66.423462
26-09-2017,63.535484
27-09-2017,65.1157
28-09-2017,62.554661
29-09-2017,63.208542
03-10-2017,63.50824
04-10-2017,61.137917
05-10-2017,63.535484
06-10-2017,66.968361
09-10-2017,65.388145
10-10-2017,65.1157
11-10-2017,66.014786
12-10-2017,65.388145
13-10-2017,65.824066
16-10-2017,65.742332
17-10-2017,64.216606
18-10-2017,64.298347
19-10-2017,67.159073
23-10-2017,68.875519
24-10-2017,69.202454
25-10-2017,69.12072
26-10-2017,69.474907
27-10-2017,71.872475
30-10-2017,71.191345
31-10-2017,73.398193
01-11-2017,72.362885
02-11-2017,72.63533
03-11-2017,73.016762
06-11-2017,78.029854
07-11-2017,81.598961
08-11-2017,80.672623
09-11-2017,82.743248
10-11-2017,84.105507
13-11-2017,85.603981
14-11-2017,82.824989
15-11-2017,84.350708
16-11-2017,79.010681
17-11-2017,79.828033
20-11-2017,85.522247
21-11-2017,87.729095
22-11-2017,84.078262
23-11-2017,86.094391
24-11-2017,83.151924
27-11-2017,81.735184
28-11-2017,82.389069
29-11-2017,81.108543
30-11-2017,79.828033
01-12-2017,80.100479
04-12-2017,77.811897
05-12-2017,77.730164
06-12-2017,78.302307
07-12-2017,77.757408
08-12-2017,81.299263
11-12-2017,83.042946
12-12-2017,83.860298
13-12-2017,81.735184
14-12-2017,80.100479
15-12-2017,84.432442
18-12-2017,80.645378
19-12-2017,87.129707
20-12-2017,87.184196
21-12-2017,87.729095
22-12-2017,88.791656
26-12-2017,88.818901
27-12-2017,88.818901
28-12-2017,90.453606
29-12-2017,89.908699
01-01-2018,90.34462
02-01-2018,90.508095
03-01-2018,89.309311
04-01-2018,95.902618
05-01-2018,100.697746
08-01-2018,104.947975
09-01-2018,107.890442
10-01-2018,106.855133
11-01-2018,107.890442
12-01-2018,110.070045
15-01-2018,109.525146
16-01-2018,108.271873
17-01-2018,105.819817
18-01-2018,112.249657
19-01-2018,106.391968
22-01-2018,107.890442
23-01-2018,108.653305
24-01-2018,111.323318
25-01-2018,111.70475
29-01-2018,117.480705
30-01-2018,114.974159
31-01-2018,114.402016
01-02-2018,116.063957
02-02-2018,116.063957
05-02-2018,100.861214
06-02-2018,100.806725
07-02-2018,108.735039
08-02-2018,108.026665
09-02-2018,108.980247
12-02-2018,115.083138
14-02-2018,119.060921
15-02-2018,120.477661
16-02-2018,117.589684
19-02-2018,111.70475
20-02-2018,110.070045
21-02-2018,108.598816
22-02-2018,106.800636
23-02-2018,111.432304
26-02-2018,111.70475
27-02-2018,112.249657
28-02-2018,111.677505
01-03-2018,110.914642
05-03-2018,108.435341
06-03-2018,110.342499
07-03-2018,99.662437
08-03-2018,94.812813
09-03-2018,92.061066
12-03-2018,86.3396
13-03-2018,88.301247
14-03-2018,85.440514
15-03-2018,89.091347
16-03-2018,91.270958
19-03-2018,87.184196
20-03-2018,86.612053
21-03-2018,88.137772
22-03-2018,88.491959
23-03-2018,84.459686
26-03-2018,83.097435
27-03-2018,90.399117
28-03-2018,86.584808
02-04-2018,85.712959
03-04-2018,86.230621
04-04-2018,88.519203
05-04-2018,85.335617
06-04-2018,95.120338
09-04-2018,96.371506
10-04-2018,95.280746
11-04-2018,94.99202
12-04-2018,92.778427
13-04-2018,90.083618
16-04-2018,88.992859
17-04-2018,90.757317
18-04-2018,90.46859
19-04-2018,86.939674
20-04-2018,90.46859
23-04-2018,89.185349
24-04-2018,90.179855
25-04-2018,88.543724
26-04-2018,88.543724
27-04-2018,90.436508
30-04-2018,91.334778
02-05-2018,90.051537
03-05-2018,83.410751
04-05-2018,81.293404
07-05-2018,81.550056
08-05-2018,82.287918
09-05-2018,83.667404
10-05-2018,83.346596
11-05-2018,81.838783
14-05-2018,82.031273
15-05-2018,79.561028
16-05-2018,78.919411
17-05-2018,79.817673
18-05-2018,79.432701
21-05-2018,76.352921
22-05-2018,76.930382
23-05-2018,78.277786
24-05-2018,75.711304
25-05-2018,76.385002
28-05-2018,79.496864
29-05-2018,82.12751
30-05-2018,78.341949
31-05-2018,79.561028
01-06-2018,77.636162
04-06-2018,76.962463
05-06-2018,74.428055
06-06-2018,74.107246
07-06-2018,75.871704
08-06-2018,80.042244
11-06-2018,81.935028
12-06-2018,81.678375
13-06-2018,82.480408
14-06-2018,82.448326
15-06-2018,86.618858
18-06-2018,85.271454
19-06-2018,85.078972
20-06-2018,82.769135
21-06-2018,84.501511
22-06-2018,83.282433
25-06-2018,83.410751
26-06-2018,80.330971
27-06-2018,82.12751
28-06-2018,72.824005
29-06-2018,70.642494
02-07-2018,72.37487
03-07-2018,67.113579
04-07-2018,68.20433
05-07-2018,69.327171
06-07-2018,67.209824
09-07-2018,71.540764
10-07-2018,72.503197
11-07-2018,73.46563
12-07-2018,79.849754
13-07-2018,79.978081
16-07-2018,84.052376
17-07-2018,86.65094
18-07-2018,88.704132
19-07-2018,92.008476
20-07-2018,97.590584
23-07-2018,103.525581
24-07-2018,109.717224
25-07-2018,118.699921
26-07-2018,124.667
27-07-2018,127.073074
30-07-2018,126.527702
31-07-2018,124.12162
01-08-2018,125.757751
02-08-2018,123.832893
03-08-2018,124.795319
06-08-2018,128.324234
07-08-2018,126.399376
08-08-2018,116.807137
09-08-2018,130.890717
10-08-2018,128.09967
13-08-2018,125.757751
14-08-2018,124.923645
16-08-2018,127.361809
17-08-2018,129.607483
20-08-2018,130.345352
21-08-2018,137.306931
23-08-2018,137.627747
24-08-2018,134.740448
27-08-2018,134.932938
28-08-2018,136.44075
29-08-2018,148.663635
30-08-2018,142.760712
31-08-2018,144.364777
03-09-2018,145.006393
04-09-2018,135.382065
05-09-2018,133.585526
06-09-2018,150
07-09-2018,165.25
10-09-2018,158
11-09-2018,151
12-09-2018,148.5
14-09-2018,149.75
17-09-2018,150.199997
18-09-2018,151.949997
19-09-2018,149.399994
21-09-2018,148
24-09-2018,138.449997
25-09-2018,133.5
26-09-2018,140.399994
27-09-2018,136
28-09-2018,142.649994
01-10-2018,127
03-10-2018,137
04-10-2018,129.399994
05-10-2018,131.550003
08-10-2018,129
09-10-2018,136
10-10-2018,136.5
11-10-2018,138
12-10-2018,140.100006
15-10-2018,147
16-10-2018,152.350006
17-10-2018,160.100006
19-10-2018,158.5
22-10-2018,171.100006
23-10-2018,169
24-10-2018,171
25-10-2018,166.75
26-10-2018,174
29-10-2018,168.649994
30-10-2018,172.5
31-10-2018,167
01-11-2018,171.050003
02-11-2018,176.600006
05-11-2018,176.100006
06-11-2018,168.25
07-11-2018,165
09-11-2018,165.5
12-11-2018,166
13-11-2018,160.25
14-11-2018,163.300003
15-11-2018,161.75
16-11-2018,163
19-11-2018,162.399994
20-11-2018,161.649994
21-11-2018,161.600006
22-11-2018,161.899994
26-11-2018,158.5
27-11-2018,157.350006
28-11-2018,159.149994
29-11-2018,159.350006
30-11-2018,168.5
03-12-2018,166.050003
04-12-2018,165.949997
05-12-2018,161.050003
06-12-2018,155.800003
07-12-2018,151.800003
10-12-2018,146.850006
11-12-2018,139
12-12-2018,152.800003
13-12-2018,156
14-12-2018,156
17-12-2018,157.100006
18-12-2018,157.699997
19-12-2018,160
20-12-2018,159.399994
21-12-2018,159.800003
24-12-2018,159.399994
26-12-2018,156.850006
27-12-2018,162.25
28-12-2018,161.949997
31-12-2018,162.850006
01-01-2019,160.899994
02-01-2019,157
03-01-2019,154.899994
04-01-2019,152.100006
07-01-2019,152.899994
08-01-2019,150.5
09-01-2019,153.600006
10-01-2019,151
11-01-2019,151.100006
14-01-2019,151
15-01-2019,148.5
16-01-2019,148.199997
17-01-2019,148.399994
18-01-2019,149.699997
21-01-2019,146.5
22-01-2019,145.399994
23-01-2019,145.5
24-01-2019,143
25-01-2019,142.850006
28-01-2019,138
29-01-2019,136.449997
30-01-2019,140.899994
31-01-2019,139.5
01-02-2019,136.949997
04-02-2019,142.899994
05-02-2019,122
06-02-2019,123.849998
07-02-2019,122.199997
08-02-2019,123
11-02-2019,122.949997
12-02-2019,117.199997
14-02-2019,118.449997
15-02-2019,118.150002
18-02-2019,118.300003
19-02-2019,118.400002
20-02-2019,117.949997
21-02-2019,119.800003
22-02-2019,120.25
25-02-2019,125
26-02-2019,130
27-02-2019,133.800003
28-02-2019,133.5
01-03-2019,130.350006
05-03-2019,132.5
06-03-2019,142.75
07-03-2019,139
08-03-2019,135.75
11-03-2019,137.850006
12-03-2019,140.5
13-03-2019,148.399994
14-03-2019,147.399994
15-03-2019,145.800003
18-03-2019,142.399994
19-03-2019,144.449997
20-03-2019,142
22-03-2019,140.699997
25-03-2019,137
26-03-2019,134.899994
27-03-2019,138.550003
28-03-2019,138.449997
01-04-2019,147.449997
02-04-2019,151.699997
03-04-2019,150.300003
04-04-2019,147.949997
05-04-2019,148
08-04-2019,147.5
09-04-2019,142.300003
10-04-2019,145.75
11-04-2019,142.75
12-04-2019,140.800003
15-04-2019,141
16-04-2019,142.199997
18-04-2019,143.100006
22-04-2019,138
23-04-2019,135.399994
24-04-2019,132.75
25-04-2019,135.100006
26-04-2019,135
30-04-2019,131.800003
02-05-2019,126
03-05-2019,124
06-05-2019,125.75
07-05-2019,126.400002
08-05-2019,121.800003
09-05-2019,121.900002
10-05-2019,121
13-05-2019,120.699997
14-05-2019,116.349998
15-05-2019,124.199997
16-05-2019,118.099998
17-05-2019,117.75
20-05-2019,131.199997
21-05-2019,154.699997
22-05-2019,155.050003
23-05-2019,169.5
24-05-2019,162.350006
27-05-2019,159.100006
28-05-2019,157.100006
29-05-2019,157.949997
30-05-2019,158.100006
31-05-2019,158.5
03-06-2019,154
04-06-2019,158.149994
06-06-2019,156.899994
07-06-2019,152.949997
10-06-2019,152
11-06-2019,149.5
12-06-2019,154
13-06-2019,153.199997
14-06-2019,156
17-06-2019,153
18-06-2019,147.350006
19-06-2019,148.449997
20-06-2019,142.300003
21-06-2019,147
24-06-2019,145.899994
25-06-2019,146.5
26-06-2019,150
27-06-2019,152.300003
28-06-2019,152.5
01-07-2019,150.649994
02-07-2019,154.899994
03-07-2019,156.399994
04-07-2019,160.100006
05-07-2019,156.300003
08-07-2019,143.25
09-07-2019,138.050003
10-07-2019,142
11-07-2019,140.5
12-07-2019,141
15-07-2019,141
16-07-2019,137.899994
17-07-2019,140.199997
18-07-2019,137.699997
19-07-2019,134.25
22-07-2019,130.75
23-07-2019,131.449997
24-07-2019,133.449997
25-07-2019,130.5
26-07-2019,129.399994
29-07-2019,131
30-07-2019,128
31-07-2019,125
01-08-2019,128.600006
02-08-2019,124.900002
05-08-2019,126.199997
06-08-2019,124
07-08-2019,128.199997
08-08-2019,126.199997
09-08-2019,134.699997
13-08-2019,133
14-08-2019,130.899994
16-08-2019,130
19-08-2019,132.800003
20-08-2019,135.699997
21-08-2019,134
22-08-2019,130.949997
23-08-2019,123.400002
26-08-2019,132.100006
27-08-2019,134.75
28-08-2019,136.199997
29-08-2019,138
30-08-2019,132.399994
03-09-2019,135.600006
04-09-2019,134.600006
05-09-2019,135
06-09-2019,135.399994
09-09-2019,137.800003
11-09-2019,140.050003
12-09-2019,144.850006
13-09-2019,143
16-09-2019,144
17-09-2019,145.5
18-09-2019,144
19-09-2019,143.949997
20-09-2019,143
23-09-2019,154
24-09-2019,151.25
25-09-2019,149.699997
26-09-2019,148.449997
27-09-2019,152.699997
30-09-2019,149.100006
01-10-2019,146.100006
03-10-2019,143
04-10-2019,143.949997
07-10-2019,138.449997
09-10-2019,134.949997
10-10-2019,138
11-10-2019,137.449997
14-10-2019,137.899994
15-10-2019,147.699997
16-10-2019,155
17-10-2019,159.800003
18-10-2019,174.899994
22-10-2019,174.5
23-10-2019,178.75
24-10-2019,175
25-10-2019,179.5
27-10-2019,182.899994
29-10-2019,182.800003
30-10-2019,194.350006
31-10-2019,196.699997
01-11-2019,199
04-11-2019,200.949997
05-11-2019,200
06-11-2019,199
07-11-2019,207.899994
08-11-2019,208.699997
11-11-2019,206.949997
13-11-2019,209
14-11-2019,196.25
15-11-2019,202
18-11-2019,203.800003
19-11-2019,202
20-11-2019,198.5
21-11-2019,206.899994
22-11-2019,204.75
25-11-2019,201.899994
26-11-2019,214.75
27-11-2019,209.899994
28-11-2019,212.800003
29-11-2019,212.399994
02-12-2019,212
03-12-2019,208
04-12-2019,205.800003
05-12-2019,213
06-12-2019,208.449997
09-12-2019,205.899994
10-12-2019,207.449997
11-12-2019,203.100006
12-12-2019,206.899994
13-12-2019,210.5
16-12-2019,212.100006
17-12-2019,210.5
18-12-2019,211.800003
19-12-2019,207.649994
20-12-2019,210
23-12-2019,217.75
24-12-2019,214.550003
26-12-2019,208.949997
27-12-2019,209.050003
30-12-2019,209.899994
31-12-2019,208.699997
01-01-2020,209
02-01-2020,208
03-01-2020,210.25
06-01-2020,207.75
07-01-2020,200.550003
08-01-2020,201
09-01-2020,201.899994
10-01-2020,208
13-01-2020,210.649994
14-01-2020,213.449997
15-01-2020,214.5
16-01-2020,217.699997
17-01-2020,216
20-01-2020,229.550003
21-01-2020,224.350006
22-01-2020,224.800003
23-01-2020,226
24-01-2020,225.5
27-01-2020,229.5
28-01-2020,232.25
29-01-2020,231.699997
30-01-2020,232.300003
31-01-2020,231
03-02-2020,221.699997
04-02-2020,222.649994
05-02-2020,226.75
06-02-2020,237.399994
07-02-2020,236.399994
10-02-2020,239.5
11-02-2020,245.199997
12-02-2020,245.899994
13-02-2020,249.800003
14-02-2020,252.5
17-02-2020,256.899994
18-02-2020,251.649994
19-02-2020,250
20-02-2020,253.199997
24-02-2020,254.800003
25-02-2020,249.800003
26-02-2020,244
27-02-2020,241.449997
28-02-2020,221
02-03-2020,223
03-03-2020,221
04-03-2020,226.100006
05-03-2020,223.75
06-03-2020,215.100006
09-03-2020,207
11-03-2020,197.399994
12-03-2020,180.100006
13-03-2020,145.949997
16-03-2020,141
17-03-2020,135.699997
18-03-2020,135.899994
19-03-2020,121
20-03-2020,138
23-03-2020,123.050003
24-03-2020,125
25-03-2020,126
26-03-2020,135
27-03-2020,146
30-03-2020,124
31-03-2020,131.699997
01-04-2020,138.949997
03-04-2020,134
07-04-2020,131
08-04-2020,136.850006
09-04-2020,140
13-04-2020,142
15-04-2020,148.050003
16-04-2020,142
17-04-2020,146.949997
20-04-2020,146
21-04-2020,143
22-04-2020,136
23-04-2020,140.5
24-04-2020,137.149994
27-04-2020,136.399994
28-04-2020,135.949997
29-04-2020,140
30-04-2020,141.449997
04-05-2020,136.899994
05-05-2020,135
06-05-2020,133.649994
07-05-2020,131.100006
08-05-2020,136.899994
11-05-2020,137.850006
12-05-2020,138.5
13-05-2020,145
14-05-2020,139.550003
15-05-2020,141.399994
18-05-2020,144.800003
19-05-2020,137.800003
20-05-2020,139.5
21-05-2020,142.199997
22-05-2020,138
26-05-2020,139
27-05-2020,139.75
28-05-2020,141.699997
29-05-2020,141.100006
01-06-2020,150
02-06-2020,151
03-06-2020,151.75
04-06-2020,150.5
05-06-2020,148.899994
08-06-2020,155.600006
09-06-2020,154.199997
10-06-2020,152.75
11-06-2020,151.850006
12-06-2020,144
15-06-2020,151.800003
16-06-2020,153.5
17-06-2020,145
18-06-2020,146.699997
19-06-2020,149.600006
22-06-2020,154.5
23-06-2020,157
24-06-2020,159.100006
25-06-2020,153.25
26-06-2020,164
29-06-2020,161.399994
30-06-2020,161.399994
01-07-2020,157.149994
02-07-2020,159.800003
03-07-2020,160
06-07-2020,161.949997
07-07-2020,164.5
08-07-2020,168
09-07-2020,163
10-07-2020,161.5
13-07-2020,161.449997
14-07-2020,155.899994
15-07-2020,150.100006
16-07-2020,148.100006
17-07-2020,149.75
20-07-2020,153.149994
21-07-2020,161.449997
22-07-2020,167
23-07-2020,168.350006
24-07-2020,167.399994
27-07-2020,168.649994
28-07-2020,166.300003
29-07-2020,174
30-07-2020,179.199997
31-07-2020,174
03-08-2020,175.25
04-08-2020,174
05-08-2020,183
06-08-2020,180.100006
07-08-2020,181.050003
10-08-2020,192.899994
11-08-2020,196
12-08-2020,195.800003
13-08-2020,198.899994
14-08-2020,202.399994
17-08-2020,197.399994
18-08-2020,200
19-08-2020,214.25
20-08-2020,241.199997
21-08-2020,237.100006
24-08-2020,236
25-08-2020,252
26-08-2020,299
27-08-2020,284.899994
28-08-2020,289
31-08-2020,290
01-09-2020,279.950012
02-09-2020,283
03-09-2020,294.75
04-09-2020,284
07-09-2020,285.149994
08-09-2020,286
09-09-2020,276.899994
10-09-2020,287.649994
11-09-2020,299
14-09-2020,301.799988
15-09-2020,294.899994
16-09-2020,292.700012
17-09-2020,295
18-09-2020,297.600006
21-09-2020,293
22-09-2020,278.25
23-09-2020,283.950012
24-09-2020,277.950012
25-09-2020,275.899994
28-09-2020,283.100006
29-09-2020,299.899994
30-09-2020,300
01-10-2020,299.799988
05-10-2020,311.5
06-10-2020,329.399994
07-10-2020,325.149994
08-10-2020,329
09-10-2020,318.799988
12-10-2020,315
13-10-2020,315.5
14-10-2020,312.950012
15-10-2020,315
16-10-2020,309.25
19-10-2020,309.899994
20-10-2020,315.299988
21-10-2020,322
22-10-2020,311
23-10-2020,314
26-10-2020,318
27-10-2020,308
28-10-2020,313.799988
29-10-2020,315.399994
30-10-2020,331.049988
02-11-2020,339.100006
03-11-2020,344
04-11-2020,342.600006
05-11-2020,353
06-11-2020,352
09-11-2020,354
10-11-2020,358.100006
11-11-2020,359.200012
12-11-2020,358.200012
13-11-2020,364
14-11-2020,369.799988
17-11-2020,372
18-11-2020,393.950012
19-11-2020,390
20-11-2020,385.100006
23-11-2020,390.100006
24-11-2020,409.899994
25-11-2020,408.950012
26-11-2020,402.799988
27-11-2020,401
01-12-2020,398
02-12-2020,420.549988
03-12-2020,453.75
04-12-2020,449
07-12-2020,446
08-12-2020,457.549988
09-12-2020,454
10-12-2020,448
11-12-2020,447.25
14-12-2020,451
15-12-2020,455.5
16-12-2020,462.5
17-12-2020,463.399994
18-12-2020,461
21-12-2020,454
22-12-2020,428.200012
23-12-2020,458
24-12-2020,465
28-12-2020,473
29-12-2020,492
30-12-2020,489.200012
31-12-2020,481
01-01-2021,477
04-01-2021,492
05-01-2021,492
06-01-2021,496
07-01-2021,493.899994
08-01-2021,523
11-01-2021,520.599976
12-01-2021,519
13-01-2021,529.099976
14-01-2021,534.950012
15-01-2021,534.700012
18-01-2021,528
19-01-2021,512.299988
20-01-2021,532.150024
21-01-2021,551.400024
22-01-2021,534.049988
25-01-2021,530.25
27-01-2021,513.099976
28-01-2021,507.299988
29-01-2021,515.200012
01-02-2021,510.5
02-02-2021,542.049988
03-02-2021,568
04-02-2021,561.950012
05-02-2021,595
08-02-2021,605.400024
09-02-2021,631.450012
10-02-2021,633.049988
11-02-2021,654
12-02-2021,657
15-02-2021,725
16-02-2021,760
17-02-2021,787.150024
18-02-2021,787.25
19-02-2021,813
22-02-2021,786
23-02-2021,814.799988
24-02-2021,806
25-02-2021,814
26-02-2021,833.900024
01-03-2021,840.75
02-03-2021,857.400024
03-03-2021,880.450012
04-03-2021,910
05-03-2021,918
08-03-2021,918.099976
09-03-2021,918
10-03-2021,911
12-03-2021,905
15-03-2021,898.75
16-03-2021,900.700012
17-03-2021,898
18-03-2021,876
19-03-2021,866
22-03-2021,892.900024
23-03-2021,999
24-03-2021,1063
25-03-2021,1032.949951
26-03-2021,1000
30-03-2021,1004
31-03-2021,1038
01-04-2021,1043.400024
05-04-2021,1127
06-04-2021,1153.400024
07-04-2021,1233.400024
08-04-2021,1162.5
09-04-2021,1163.400024
12-04-2021,1177.400024
13-04-2021,1077
15-04-2021,1095
16-04-2021,1130
19-04-2021,1100
20-04-2021,1156.849976
22-04-2021,1134
23-04-2021,1161
26-04-2021,1160
27-04-2021,1184.699951
28-04-2021,1207.949951
29-04-2021,1196.550049
30-04-2021,1171
03-05-2021,1145.099976
04-05-2021,1285
05-05-2021,1274.400024
06-05-2021,1272.349976
07-05-2021,1305
10-05-2021,1294.900024
11-05-2021,1292
12-05-2021,1311
14-05-2021,1300
17-05-2021,1230
18-05-2021,1314.949951
19-05-2021,1350
20-05-2021,1301.300049
21-05-2021,1320
24-05-2021,1321.699951
25-05-2021,1314.349976
26-05-2021,1288.949951
27-05-2021,1329.5
28-05-2021,1311.599976
31-05-2021,1307.050049
01-06-2021,1319.900024
02-06-2021,1425.550049
03-06-2021,1564
04-06-2021,1605
07-06-2021,1715
08-06-2021,1633
09-06-2021,1640
10-06-2021,1612
11-06-2021,1615.099976
14-06-2021,1441.449951
15-06-2021,1550.949951
16-06-2021,1510
17-06-2021,1380
18-06-2021,1350
21-06-2021,1490
22-06-2021,1554.050049
23-06-2021,1560.099976
24-06-2021,1509.949951
25-06-2021,1525
28-06-2021,1524.900024
29-06-2021,1526
30-06-2021,1539
01-07-2021,1509.550049
02-07-2021,1490.25
05-07-2021,1427
06-07-2021,1400.900024
07-07-2021,1420
08-07-2021,1420
09-07-2021,1425.900024
12-07-2021,1442
13-07-2021,1433
14-07-2021,1449
15-07-2021,1399
16-07-2021,1409
19-07-2021,1390
20-07-2021,1340
22-07-2021,1375
23-07-2021,1430
26-07-2021,1399.800049
27-07-2021,1403.900024
28-07-2021,1406.849976
29-07-2021,1413.949951
30-07-2021,1409.5
02-08-2021,1435
03-08-2021,1467
04-08-2021,1460
05-08-2021,1428
06-08-2021,1422
09-08-2021,1546.699951
10-08-2021,1488
11-08-2021,1455
12-08-2021,1443.599976
13-08-2021,1445
16-08-2021,1431.5
17-08-2021,1431
18-08-2021,1441.900024
20-08-2021,1438
23-08-2021,1415.050049
24-08-2021,1407
25-08-2021,1444.25
26-08-2021,1482
27-08-2021,1475
30-08-2021,1513.75
31-08-2021,1517.300049
01-09-2021,1594.900024
02-09-2021,1571
03-09-2021,1578.5
06-09-2021,1572
07-09-2021,1585.099976
08-09-2021,1559.900024
09-09-2021,1561.599976
13-09-2021,1548
14-09-2021,1539.900024
15-09-2021,1524
16-09-2021,1523
17-09-2021,1503.199951
20-09-2021,1464.900024
21-09-2021,1420
22-09-2021,1435
23-09-2021,1453
24-09-2021,1483
27-09-2021,1462
28-09-2021,1557
29-09-2021,1466.300049
30-09-2021,1484.699951
01-10-2021,1465
04-10-2021,1471
05-10-2021,1515
06-10-2021,1529.800049
07-10-2021,1502.849976
08-10-2021,1522
11-10-2021,1553
12-10-2021,1539
13-10-2021,1568.449951
14-10-2021,1580
18-10-2021,1672.949951
19-10-2021,1625.199951
20-10-2021,1574
21-10-2021,1601.949951
22-10-2021,1595.050049
25-10-2021,1545
26-10-2021,1532
27-10-2021,1548
28-10-2021,1550
29-10-2021,1400
01-11-2021,1436
02-11-2021,1455
03-11-2021,1474
04-11-2021,1495
08-11-2021,1495
09-11-2021,1555
10-11-2021,1625.550049
11-11-2021,1650
12-11-2021,1678.300049
15-11-2021,1713.75
16-11-2021,1759.449951
17-11-2021,1714
18-11-2021,1708
22-11-2021,1691.400024
23-11-2021,1660.150024
24-11-2021,1721.599976
25-11-2021,1762.949951
26-11-2021,1740
29-11-2021,1655
30-11-2021,1668
01-12-2021,1694
02-12-2021,1692.5
03-12-2021,1734
06-12-2021,1710
07-12-2021,1658.900024
08-12-2021,1679.800049
09-12-2021,1725
10-12-2021,1710.599976
13-12-2021,1755
14-12-2021,1712
15-12-2021,1720
16-12-2021,1707.300049
17-12-2021,1698.949951
20-12-2021,1629
21-12-2021,1621.099976
22-12-2021,1631.25
23-12-2021,1674.699951
24-12-2021,1680
27-12-2021,1694.75
28-12-2021,1740
29-12-2021,1751
30-12-2021,1714
31-12-2021,1694.949951
03-01-2022,1713
04-01-2022,1725.75
05-01-2022,1722
06-01-2022,1710
07-01-2022,1719.900024
10-01-2022,1707.550049
11-01-2022,1758
12-01-2022,1873
13-01-2022,1834
14-01-2022,1850
17-01-2022,1876
18-01-2022,1885
19-01-2022,1839.800049
20-01-2022,1855
21-01-2022,1860.849976
24-01-2022,1822
25-01-2022,1668
27-01-2022,1718
28-01-2022,1702.5
31-01-2022,1708.949951
01-02-2022,1727.949951
02-02-2022,1755
03-02-2022,1771.949951
04-02-2022,1758
07-02-2022,1765
08-02-2022,1739.400024
09-02-2022,1724.599976
10-02-2022,1799
11-02-2022,1764
14-02-2022,1736.300049
15-02-2022,1636
16-02-2022,1744.25
17-02-2022,1750
18-02-2022,1739
21-02-2022,1738.800049
22-02-2022,1636.099976
23-02-2022,1682
24-02-2022,1626
25-02-2022,1594
28-02-2022,1603.75
02-03-2022,1638
03-03-2022,1670
04-03-2022,1621.800049
07-03-2022,1590
08-03-2022,1574.900024
09-03-2022,1609.599976
10-03-2022,1682
11-03-2022,1750
14-03-2022,1732
15-03-2022,1740
16-03-2022,1724
17-03-2022,1775.599976
21-03-2022,1836.050049
22-03-2022,1802.949951
23-03-2022,1848.050049
24-03-2022,1815
25-03-2022,1835.550049
28-03-2022,1876.900024
29-03-2022,1919.25
30-03-2022,1927.699951
31-03-2022,2005
01-04-2022,2018
04-04-2022,2050
05-04-2022,2078
06-04-2022,2153.75
07-04-2022,2165.949951
08-04-2022,2115
11-04-2022,2181.850098
12-04-2022,2188
13-04-2022,2210
18-04-2022,2179.800049
19-04-2022,2245
20-04-2022,2178
21-04-2022,2216
22-04-2022,2297
25-04-2022,2259.949951
26-04-2022,2297
27-04-2022,2404.949951
28-04-2022,2359.850098
29-04-2022,2389
02-05-2022,2325
04-05-2022,2358.699951
05-05-2022,2270
06-05-2022,2210
09-05-2022,2229.5
10-05-2022,2190
11-05-2022,2109.600098
12-05-2022,2103
13-05-2022,2084.5
16-05-2022,2082.649902
17-05-2022,2133.050049
18-05-2022,2199.699951
19-05-2022,2145
20-05-2022,2159
23-05-2022,2231.75
24-05-2022,2161
25-05-2022,2168
26-05-2022,2077
27-05-2022,2080
30-05-2022,2120
31-05-2022,2160
01-06-2022,2169.949951
02-06-2022,2155
03-06-2022,2235
06-06-2022,2188.5
07-06-2022,2210
08-06-2022,2244.949951
09-06-2022,2160.300049
10-06-2022,2190
13-06-2022,2172.5
14-06-2022,2274
15-06-2022,2218.399902
16-06-2022,2205
17-06-2022,2062
20-06-2022,2107.300049
21-06-2022,2100
22-06-2022,2149.949951
23-06-2022,2105
24-06-2022,2121
27-06-2022,2189
28-06-2022,2170
29-06-2022,2185
30-06-2022,2220
01-07-2022,2189.899902
04-07-2022,2232.199951
05-07-2022,2264
06-07-2022,2245
07-07-2022,2280
08-07-2022,2286
11-07-2022,2293.050049
12-07-2022,2364.399902
13-07-2022,2373.5
14-07-2022,2365
15-07-2022,2414.5
18-07-2022,2424
19-07-2022,2406.949951
20-07-2022,2462
21-07-2022,2453.800049
22-07-2022,2505.5
25-07-2022,2505
26-07-2022,2555
27-07-2022,2560
28-07-2022,2559.899902
29-07-2022,2565
01-08-2022,2575.850098
02-08-2022,2660
03-08-2022,2685
04-08-2022,2725
05-08-2022,2760
08-08-2022,2700
10-08-2022,2801.75
11-08-2022,2841
12-08-2022,2840
16-08-2022,2879
17-08-2022,2986
18-08-2022,3005
19-08-2022,3178
22-08-2022,3134
23-08-2022,3032.649902
24-08-2022,3038
25-08-2022,3167
26-08-2022,3080
29-08-2022,3055
30-08-2022,3165
01-09-2022,3200
02-09-2022,3261
05-09-2022,3374.100098
06-09-2022,3370
07-09-2022,3435.800049
08-09-2022,3499
09-09-2022,3479
12-09-2022,3465
13-09-2022,3478
14-09-2022,3518
15-09-2022,3590
16-09-2022,3755
19-09-2022,3718.949951
20-09-2022,3819
21-09-2022,3837.649902
22-09-2022,3639
23-09-2022,3732
26-09-2022,3646.300049
27-09-2022,3596
28-09-2022,3528
29-09-2022,3583.5
30-09-2022,3447.949951
03-10-2022,3440
04-10-2022,3230
06-10-2022,3270
07-10-2022,3280
10-10-2022,3234
11-10-2022,3257.550049
12-10-2022,3297
13-10-2022,3218
14-10-2022,3272
17-10-2022,3211
18-10-2022,3249
19-10-2022,3300
20-10-2022,3260
21-10-2022,3374.899902
24-10-2022,3325
25-10-2022,3321.949951
27-10-2022,3319.850098
28-10-2022,3322
31-10-2022,3339.949951
01-11-2022,3361.899902
02-11-2022,3580
03-11-2022,3550
04-11-2022,3642
07-11-2022,3852.449951
09-11-2022,3977
10-11-2022,3995
11-11-2022,4040
14-11-2022,3999
15-11-2022,4025.050049
16-11-2022,4057.300049
17-11-2022,3970
18-11-2022,4028.350098
21-11-2022,4019.949951
22-11-2022,4001.850098
23-11-2022,4050
24-11-2022,3910
25-11-2022,3929
28-11-2022,3899.399902
29-11-2022,3885
30-11-2022,3897.800049
01-12-2022,3937.5
02-12-2022,3905
05-12-2022,3928.899902
06-12-2022,3920
07-12-2022,4031
08-12-2022,4010
09-12-2022,4044
12-12-2022,3997
13-12-2022,4027.800049
14-12-2022,4076
15-12-2022,4055.800049
16-12-2022,4018.899902
19-12-2022,3988
20-12-2022,4095
21-12-2022,4175
22-12-2022,3948
23-12-2022,3822
26-12-2022,3653
27-12-2022,3732.449951
28-12-2022,3756.050049
29-12-2022,3790
30-12-2022,3829.699951
02-01-2023,3870
03-01-2023,3841.899902
04-01-2023,3839
05-01-2023,3827.050049
06-01-2023,3829
09-01-2023,3843
10-01-2023,3859
11-01-2023,3660
12-01-2023,3642.5
13-01-2023,3651.199951
16-01-2023,3720
17-01-2023,3620
18-01-2023,3648
19-01-2023,3470
20-01-2023,3450
23-01-2023,3443.050049
24-01-2023,3447.449951
25-01-2023,3422
27-01-2023,3335
30-01-2023,2850
